peptide,HLA
NVFAFPFTIY,HLA-B*15:01
IEYPIIGDEL,HLA-B*40:01
SELVIGAVIL,HLA-B*40:01
GYINVFAFPF,HLA-A*24:02
IQYIDIGNY,HLA-B*15:01
FLAFVVFLL,HLA-A*02:01
KVSIWNLDY,HLA-B*15:01
FIAGLIAIV,HLA-A*02:01
KLFAAETLK,HLA-A*03:01
VTLAILTALR,HLA-A*11:01
QYIKWPWYI,HLA-A*24:02
NPANNAAIVL,HLA-B*07:02
QRNAPRITF,HLA-C*07:02
LEYHDVRVVL,HLA-B*40:01
SYFIASFRLF,HLA-A*24:02
YIDIGNYTV,HLA-A*02:01
KLLEQWNLV,HLA-A*02:01
EYHDVRVVL,HLA-C*07:02
GTITVEELKK,HLA-A*11:01
VRFPNITNL,HLA-C*07:02
IRQEEVQEL,HLA-C*07:02
NYMPYFFTL,HLA-C*07:02
GTGPEAGLPY,HLA-A*01:01
RQEEVQELY,HLA-B*15:01
RQEEVQELY,HLA-A*01:01
ASMPTTIAK,HLA-A*11:01
NRFLYIIKL,HLA-C*07:02
TPINLVRDL,HLA-B*07:02
RIAGHHLGR,HLA-A*03:01
WLSYFIASF,HLA-B*15:01
ATEGALNTPK,HLA-A*11:01
FIRQEEVQEL,HLA-A*02:01
ASKIITLKK,HLA-A*11:01
KKADETQAL,HLA-C*07:02
MEVTPSGTWL,HLA-B*40:01
SPDDQIGYY,HLA-A*01:01
AEIVDTVSAL,HLA-B*40:01
VYIGDPAQL,HLA-A*24:02
APHGHVMVEL,HLA-B*07:02
AGDSGFAAY,HLA-A*01:01
NESLIDLQEL,HLA-B*40:01
FLYLYALVY,HLA-B*15:01
APFLYLYAL,HLA-B*07:02
ASAFFGMSR,HLA-A*11:01
FPFTIYSLLL,HLA-B*07:02
SVLNDILSR,HLA-A*11:01
RPLLESELVI,HLA-B*07:02
LTDEMIAQY,HLA-A*01:01
VTYVPAQEK,HLA-A*03:01
KTFPPTEPKK,HLA-A*03:01
